hour,delay_min
0,5.224
1,3.4210526315789473
2,3.967741935483871
3,4.154929577464789
4,5.943396226415095
5,5.93916349809886
6,10.243243243243244
7,21.41614906832298
8,19.208219178082192
9,20.502982107355866
10,20.53860294117647
11,12.160714285714286
12,10.069478908188586
13,9.632211538461538
14,9.256532066508314
15,10.915343915343914
16,9.365921787709498
17,10.817142857142857
18,21.719594594594593
19,21.346570397111915
20,20.36651583710407
21,19.584615384615386
22,11.401041666666666
23,9.975
