hour,delay_min
1,3.4210526315789473
2,3.967741935483871
3,4.154929577464789
0,5.224
5,5.93916349809886
